mutation,site,wildtype,mutant,Nirsevimab-Fab escape,Nirsevimab-IgG escape,cell entry,region,evescape_wt,reference_agrees
N80A,80,N,A,-0.4976,-0.2632,0.00632,region_0,K,False
N80E,80,N,E,-0.1618,-0.1187,-1.553,region_0,K,False
N80F,80,N,F,0.1345,0.08409,-0.1968,region_0,K,False
N80G,80,N,G,-0.05967,-0.1553,-0.5049,region_0,K,False
N80H,80,N,H,-0.3127,0.3312,-0.735,region_0,K,False
N80I,80,N,I,-0.0492,-0.3824,0.2021,region_0,K,False
N80K,80,N,K,-0.5607,-0.6652,-1.005,region_0,K,False
N80L,80,N,L,0.05601,-0.1859,-0.9735,region_0,K,False
N80M,80,N,M,0.3162,-0.2284,-0.4621,region_0,K,False
N80Q,80,N,Q,-0.3951,0.05501,-0.89,region_0,K,False
N80R,80,N,R,-0.2765,-0.01902,-0.6528,region_0,K,False
N80S,80,N,S,-0.1259,-0.1359,0.4739,region_0,K,False
N80T,80,N,T,0.07942,-0.0003695,-1.484,region_0,K,False
N80V,80,N,V,0.1636,-0.2469,-0.4249,region_0,K,False
N80W,80,N,W,-0.02962,0.1606,-0.9623,region_0,K,False
N80Y,80,N,Y,0.03097,-0.0002944,-0.6895,region_0,K,False
T101A,101,T,A,-0.4513,0.08713,-1.411,none,P,False
T101C,101,T,C,0.002725,-0.07626,-0.6339,none,P,False
T101D,101,T,D,-0.1937,-0.2284,-1.413,none,P,False
T101E,101,T,E,-0.05521,0.05414,-0.2591,none,P,False
T101F,101,T,F,-0.06907,0.05951,0.0539,none,P,False
T101G,101,T,G,-0.05091,-0.0001712,0.3136,none,P,False
T101H,101,T,H,0.03456,0.09102,0.1257,none,P,False
T101I,101,T,I,-0.2579,-0.009842,-0.4492,none,P,False
T101K,101,T,K,-0.1204,0.1669,-0.6639,none,P,False
T101L,101,T,L,0.03913,0.06097,-0.1521,none,P,False
T101M,101,T,M,0.05471,0.02332,-0.5008,none,P,False
T101N,101,T,N,0.04205,0.3868,-0.1181,none,P,False
T101Q,101,T,Q,0.007233,0.03257,-0.1168,none,P,False
T101R,101,T,R,-0.5261,0.09995,-1.026,none,P,False
T101S,101,T,S,,-0.427,-1.182,none,P,False
T101V,101,T,V,-0.0613,0.0488,-0.1725,none,P,False
T101W,101,T,W,0.1329,0.0377,-0.8478,none,P,False
T101Y,101,T,Y,,-0.4283,0.00435,none,P,False
N105A,105,N,A,,-0.4938,-0.9042,none,S,False
N105C,105,N,C,-0.5935,-0.1667,-0.9961,none,S,False
N105D,105,N,D,-0.01753,0.06751,0.4496,none,S,False
N105E,105,N,E,-0.1726,0.08722,0.1962,none,S,False
N105F,105,N,F,-0.03245,0.06886,-0.1526,none,S,False
N105G,105,N,G,0.05661,-0.05965,0.04145,none,S,False
N105H,105,N,H,0.09137,0.06832,-0.08695,none,S,False
N105I,105,N,I,0.01419,0.05142,0.5037,none,S,False
N105K,105,N,K,0.0223,0.1277,0.05043,none,S,False
N105L,105,N,L,0.1515,0.1085,0.1298,none,S,False
N105M,105,N,M,0.1101,-0.02659,-0.2213,none,S,False
N105P,105,N,P,,-0.07215,-0.5252,none,S,False
N105Q,105,N,Q,-0.0377,-0.3982,-0.8244,none,S,False
N105R,105,N,R,-0.3875,0.1414,-0.6046,none,S,False
N105S,105,N,S,0.04048,0.2118,-0.5333,none,S,False
N105T,105,N,T,0.01282,-0.1012,-0.7043,none,S,False
N105V,105,N,V,0.06684,-0.0594,0.04677,none,S,False
N105W,105,N,W,0.05893,0.1346,0.2532,none,S,False
N105Y,105,N,Y,0.07659,0.04047,0.1784,none,S,False
K124A,124,K,A,-0.1318,0.08772,-0.2262,none,N,False
K124C,124,K,C,0.03208,0.1883,0.2077,none,N,False
K124D,124,K,D,-0.09279,-0.05113,0.384,none,N,False
K124E,124,K,E,0.285,-0.09058,0.4569,none,N,False
K124F,124,K,F,0.06286,0.01459,-0.754,none,N,False
K124G,124,K,G,-0.01794,0.05871,-0.1405,none,N,False
K124H,124,K,H,0.009899,-0.04514,0.2578,none,N,False
K124I,124,K,I,-0.05815,0.06509,0.2589,none,N,False
K124L,124,K,L,0.05044,0.08181,-0.06724,none,N,False
K124M,124,K,M,-0.04327,-0.09172,0.3568,none,N,False
K124N,124,K,N,0.3028,-0.08751,0.159,none,N,False
K124P,124,K,P,-0.107,0.00891,0.4118,none,N,False
K124Q,124,K,Q,0.01632,0.0177,0.04434,none,N,False
K124R,124,K,R,0.02744,0.304,0.2511,none,N,False
K124S,124,K,S,-0.1654,0.2381,0.302,none,N,False
K124T,124,K,T,-0.4061,-0.2482,-0.2142,none,N,False
K124V,124,K,V,0.2881,-0.0778,-0.3274,none,N,False
K124W,124,K,W,0.09322,0.0816,-0.1003,none,N,False
K124Y,124,K,Y,-0.01051,-0.09126,-0.1012,none,N,False
R213A,213,R,A,0.005365,-0.1133,0.3346,region_0,S,False
R213D,213,R,D,0.3119,0.1786,0.4903,region_0,S,False
R213E,213,R,E,0.6379,0.3339,1.048,region_0,S,False
R213F,213,R,F,-0.3908,-0.2441,0.0428,region_0,S,False
R213G,213,R,G,-0.07429,-0.1456,-0.4193,region_0,S,False
R213H,213,R,H,-0.1907,-0.3302,-0.8041,region_0,S,False
R213I,213,R,I,0.3197,-0.04946,0.4765,region_0,S,False
R213K,213,R,K,0.08799,0.2025,-0.5204,region_0,S,False
R213L,213,R,L,0.04666,-0.1021,0.4981,region_0,S,False
R213M,213,R,M,0.006925,-0.02666,0.2113,region_0,S,False
R213Q,213,R,Q,0.03692,-0.2774,0.2366,region_0,S,False
R213S,213,R,S,0.6555,-0.5146,-1.091,region_0,S,False
R213T,213,R,T,0.4584,0.01515,-0.1719,region_0,S,False
R213V,213,R,V,0.1946,-0.1537,0.1463,region_0,S,False
R213Y,213,R,Y,0.0338,-0.2101,-0.4423,region_0,S,False
N276A,276,N,A,0.2373,-0.1076,-0.2369,region_II,S,False
N276C,276,N,C,0.1331,-0.1064,-0.2263,region_II,S,False
N276D,276,N,D,0.1776,0.2509,-0.4772,region_II,S,False
N276E,276,N,E,-0.2213,-0.3117,-0.004159,region_II,S,False
N276F,276,N,F,0.1976,0.1441,0.3019,region_II,S,False
N276G,276,N,G,0.4306,0.1501,0.439,region_II,S,False
N276H,276,N,H,-0.1259,-0.0402,0.277,region_II,S,False
N276I,276,N,I,0.02407,-0.09635,0.5891,region_II,S,False
N276K,276,N,K,0.2429,0.02668,0.274,region_II,S,False
N276L,276,N,L,0.1677,0.1105,1.508,region_II,S,False
N276M,276,N,M,-0.08832,-0.09127,0.377,region_II,S,False
N276Q,276,N,Q,-1.018,-0.4695,-0.2441,region_II,S,False
N276R,276,N,R,0.02575,0.2253,-0.157,region_II,S,False
N276S,276,N,S,0.06759,-0.1557,0.6924,region_II,S,False
N276T,276,N,T,0.1234,0.07752,0.1717,region_II,S,False
N276V,276,N,V,0.14,0.04978,0.7976,region_II,S,False
N276W,276,N,W,0.3439,0.2455,0.5129,region_II,S,False
N276Y,276,N,Y,-0.1992,-0.2064,-0.1311,region_II,S,False
V384A,384,V,A,0.1467,-0.1569,-0.3176,region_I,I,False
V384C,384,V,C,-0.2134,0.09793,-0.8444,region_I,I,False
V384D,384,V,D,0.04472,-0.1968,0.03996,region_I,I,False
V384E,384,V,E,0.05466,0.01598,0.8007,region_I,I,False
V384F,384,V,F,0.02634,-0.04337,-0.4261,region_I,I,False
V384G,384,V,G,-0.1856,-0.1015,-0.6144,region_I,I,False
V384H,384,V,H,-0.04013,-0.1737,-1.332,region_I,I,False
V384I,384,V,I,-0.1833,0.09362,-0.2802,region_I,I,False
V384K,384,V,K,0.4061,-0.4234,-1.497,region_I,I,False
V384L,384,V,L,-0.1215,0.0009113,0.1035,region_I,I,False
V384M,384,V,M,0.01592,0.08422,-0.7245,region_I,I,False
V384P,384,V,P,0.7474,-0.1173,-1.469,region_I,I,False
V384Q,384,V,Q,0.1208,0.2355,0.3259,region_I,I,False
V384R,384,V,R,0.3407,-0.3309,-0.7936,region_I,I,False
V384S,384,V,S,0.1673,-0.0476,-0.1834,region_I,I,False
V384T,384,V,T,0.7521,0.007846,-0.9102,region_I,I,False
V384W,384,V,W,0.1124,0.02409,-0.4107,region_I,I,False
V384Y,384,V,Y,-0.1929,-0.06808,-0.3078,region_I,I,False
H515D,515,H,D,,0.03142,-1.001,none,N,False
H515E,515,H,E,-0.2131,0.1793,0.7582,none,N,False
H515F,515,H,F,-1.643,-0.2964,-0.1761,none,N,False
H515I,515,H,I,-0.07928,-0.01818,0.3634,none,N,False
H515K,515,H,K,0.06075,0.1958,-0.3855,none,N,False
H515L,515,H,L,0.1636,-0.08181,1.392,none,N,False
H515M,515,H,M,-0.5065,-0.04502,1.115,none,N,False
H515N,515,H,N,-0.1547,0.06667,-0.7768,none,N,False
H515Q,515,H,Q,0.2186,0.00419,0.8799,none,N,False
H515R,515,H,R,0.1494,0.1532,-0.07871,none,N,False
H515S,515,H,S,0.08319,0.1925,-0.2415,none,N,False
H515T,515,H,T,0.1281,0.09027,-0.2727,none,N,False
H515W,515,H,W,-0.2868,-0.2443,-0.01463,none,N,False
H515Y,515,H,Y,-0.0249,-0.2421,0.9413,none,N,False
